{
  "timestamp": "2026-03-09T05:50:54.125050",
  "total_examples": 164,
  "returned_examples": 164,
  "total_forward_passes": 41984,
  "avg_forward_passes": 256.0,
  "total_time_seconds": 11922.4645113945,
  "tokens_generated": 83968,
  "tokens_per_second": 7.042839164650091,
  "avg_nfe": 256.0
}
