{
  "timestamp": "2026-03-08T21:31:01.927885",
  "total_examples": 164,
  "returned_examples": 164,
  "total_forward_passes": 83968,
  "avg_forward_passes": 512.0,
  "total_time_seconds": 23848.70707511902,
  "tokens_generated": 83968,
  "tokens_per_second": 3.520861727871298,
  "avg_nfe": 512.0
}
