{
  "timestamp": "2026-03-12T11:58:15.533903",
  "total_examples": 541,
  "returned_examples": 541,
  "total_forward_passes": 207744,
  "avg_forward_passes": 384.0,
  "total_time_seconds": 57577.65435409546,
  "tokens_generated": 415488,
  "tokens_per_second": 7.216132797713504,
  "avg_nfe": 384.0
}
