{
  "timestamp": "2026-03-07T06:46:35.387201",
  "total_examples": 1,
  "returned_examples": 1,
  "total_forward_passes": 256,
  "avg_forward_passes": 256.0,
  "total_time_seconds": 45.04422473907471,
  "tokens_generated": 256,
  "tokens_per_second": 5.683303497460943,
  "avg_nfe": 256.0
}
