{
  "timestamp": "2026-03-08T14:14:38.626844",
  "total_examples": 1319,
  "returned_examples": 1319,
  "total_forward_passes": 42208,
  "avg_forward_passes": 32.0,
  "total_time_seconds": 5305.160629272461,
  "tokens_generated": 337664,
  "tokens_per_second": 63.64821418165175,
  "avg_nfe": 32.0
}
