{
  "timestamp": "2026-03-07T18:59:41.726703",
  "total_examples": 1319,
  "returned_examples": 1319,
  "total_forward_passes": 337664,
  "avg_forward_passes": 256.0,
  "total_time_seconds": 42438.417976379395,
  "tokens_generated": 337664,
  "tokens_per_second": 7.956564266555338,
  "avg_nfe": 256.0
}
