{
  "timestamp": "2026-03-07T06:48:59.668308",
  "total_examples": 1,
  "returned_examples": 1,
  "total_forward_passes": 32,
  "avg_forward_passes": 32.0,
  "total_time_seconds": 6.236333847045898,
  "tokens_generated": 256,
  "tokens_per_second": 41.0497587651221,
  "avg_nfe": 32.0
}
