{
  "timestamp": "2026-03-08T12:45:11.121216",
  "total_examples": 1319,
  "returned_examples": 1319,
  "total_forward_passes": 84416,
  "avg_forward_passes": 64.0,
  "total_time_seconds": 10609.122584581375,
  "tokens_generated": 337664,
  "tokens_per_second": 31.82770274430983,
  "avg_nfe": 64.0
}
