{
  "timestamp": "2026-03-07T06:48:36.328323",
  "total_examples": 1,
  "returned_examples": 1,
  "total_forward_passes": 64,
  "avg_forward_passes": 64.0,
  "total_time_seconds": 11.820915222167969,
  "tokens_generated": 256,
  "tokens_per_second": 21.656529565487343,
  "avg_nfe": 64.0
}
